traditional,simplified,pinyin,jyutping,definition
㕵,㕵,guo2,gwok3,the sound of a dog barking
㕵,㕵,guo2,gwok3,sound of a god barking
㗎,㗎,jia4,gaa4,a derogatory way to address someone who is Japanese
㗎,㗎,jia4,gaa3/ gaa4," gaa4} /sentence-final particle, contraction of ""嘅呀"" (Cantonese), to express doubt / reservation / emphasis / disapproval/see also 嘅kài [嘅]"
㗎,㗎,jia4,gaa2,"sentence-final particle, contraction of ""嘅呀"" (Cantonese), to express doubt / reservation / emphasis / disapproval/see also 嘅kài [嘅]"
㗎啦,㗎啦,jia4 la5,gaa3 laa3,modal particle used as a reminder or when giving advice
㗎啦,㗎啦,jia4 la5,gaa3 laa1,modal particle used to assert a fact (to imply that there are no alternatives)
㗎啦,㗎啦,jia4 la5,gaa3 laa4,modal particle to express a slight surprise to something (or with a questioning tone)
㨢,㨢,pi1,nang3,"to rip open flesh/to cut flesh/(Cant.) to join, link, connect"
㨢,㨢,pi1,lang3,"bunch, a quantifier"
㷫,㷫,qing3,hing3,to bake or dry by fire
㷫,㷫,qing3,hing3,hot/scalding/feverish/angry/furious/ferocious
一字咁淺,一字咁浅,yi1 zi4 gan1 qian3,jat1 zi6 gam2 cin2,"as simple as the word ""one"""
一字咁淺,一字咁钱,yi1zi4 gan1 qian2,jat1 zi6 gam3 cin2,as easy as ABC and 123 [colloquial]
三味,三味,san1wei4,saam1 mei2,"three types of sexual services, fellatio, anilingus and sexual intercourse [colloquial]"
三味,三味,san1wei4,saam1 mei6,three types of flavours [written and colloquial]
上莊,上庄,shang4 zhuang1,soeng6 zong1,the previous committee member of a society [colloquial]
上莊,上庄,shang4 zhuang1,soeng5 zong1,to become a committee member of a society
仱,仱,qian2,kim4,a type of ancient music of the northern Chinese ethnic minorities
仱,仱,qian2,ging1,"same as the word矜, pity / restrained / self-important"
俹,俹,ya4,aa3,newsc
俹,俹,ya4,ngaa3,to rely on/to depend on
僆,𫢪,lian4,leng1,young and naive
僆,僆,lian4,lin5 / lin4, lin4} /chick/twin
兩味,两味,liang3 wei4,loeng5 mei6,two types of flavours [written and colloquial]
兩味,两味,liang3 wei4,loeng5 mei2,"three types of sexual services, fellatio and sexual intercourse [colloquial]"
冇,冇,mao3,mou5,(adverb) 1. no; 2. nothing
冇,冇,mao3,mou5,to not have (Cantonese)/Mandarin equivalent: 没有méiyǒu [没有]
冚,冚,kan3,kam2,"(Cant.) cover, lid/to raid on illegal dens/to slap/to hide"
冚,冚,kan3,ham6,all/whole/everyone
冧,冧,lin2,lam3,(Cantonese) to topple/to collapse/to kill someone
冧,冧,lin2,lam1,to coax/flower bud/to sweet talk/to have a way with/delighted
前嗰排,前嗰排,qian2 g5 pai2,cin4 go2 paai4,some time ago
前嗰排,前嗰排,qian2 g5 pai2,cin4 go2 paai4,the front row
勼,勼,jiu1,gau1,to assemble/to gather/to collect
勼,勼,jiu1,gau1 / kau1, kau1} /[Cantonese profanity] penis
呢排,呢排,ne5 pai2,ni1 paai4,These days; this period
呢排,呢排,ne5 pai2,ni1 paai4,(adverb) lately; recently
咁,咁,gan1,gam3,(adverb) too (used before an adjective)
咁,咁,gan1,gam2,"so (Cantonese)/Mandarin equivalent: 这样zhèyàng [这样], like this"
咩,咩,mie1,me1,(adverb) what?
咩,咩,mie1,me1,the bleating of sheep/final particle which transforms statements into questions that indicate doubt or surprise (Cantonese)/what/whatever
唔,唔,wu2,m4,(verb) don't; doesn't; aren't
唔,唔,wu2,m4,oh (expression of agreement or surprise)/(Cantonese) not/to hold in mouth/to bite
唔熟唔食,唔熟唔食,n2 shu2 n2 shi2,m4 suk6 m4 zi6,cheating people who are close to you for benefits
唔熟唔食,唔熟唔食,n2 shu2 n2 shi2,m4 dak1 cit3,not being able to make it in time
啲,啲,di1,di1,some/few/a little (Cantonese)/a disco
啲,啲,di1,di1,one's belonging (Cantonese)
啲,啲,di1,dit1,only a little bit
啹,啹,ju2,geoi1,"(Cant.)/stupid/idiotic/to kill/to slaughter/to roll or crumple into a ball/phonetic, such as in 'gurkha'"
啹,啹,ju2,goe4,to accept/to not object/to feel better/to burp
喥,喥,du4,dou6,"used in location words (Cantonese), here / there / where/Mandarin equivalent: 里lǐ [里]"
喥,喥,du4,dou2,roughly/approximately/almost
嗰排,嗰排,g5? pai2,go2 paai2,that time; that period of time
嗰排,嗰排,g5? pai2,go2 paai4,that period
嗱,嗱,na2,laa2,used in transliterations
嗱,嗱,na2,naa2,to pick up/to take
嗱,嗱,na2,naa5,to hold in hand
嗱,嗱,na2,naa4,"(Cant.) exclamation, there! now!/an insulting remark whilst giving someone the finger"
嘥,嘥,sai1,saai1,(verb) 1. fail to catch (a change); (adjective) waste;
嘥,嘥,sai1,saai1,to waste (Cantonese)/wasteful/to lose out on something/to debase
噆,噆,zan3,caam2,to bite/to sting/to hold in the mouth
噆,噆,zan3,caam2,hold in the mouth/to sting
噆,噆,zan3,cam3,long-winded; wordy
噆,噆,zan3,cam3,long-winded
噏,噏,xi1,kap1,(verb) 1. Say; 2. Prattle on;
噏,噏,xi1,ap1,to gossip/to babble (Cantonese)/to talk nonsense
嚫,嚫,chen4,can1,(Cant.) aspect marker of injury/every time/whenever
嚫,嚫,chen4,can3,used in transliteration
四味,四味,si4 wei4,sei3 mei6,four types of flavours [written and colloquial]
四味,四味,si4 wei4,sei3 mei2,"four types of sexual services, foot licking; fellatio, anilingus and sexual intercourse [colloquial]"
坢,坢,ban4,bun6,muck
坢,坢,ban4,pun5,slope; level; even
坶,坶,mu3,muk6,part of an anciet place name
坶,坶,mu3,muk6,an ancient name for a city during Shang Dynasty
埲,埲,beng3,bung6,classifier for walls (Cantonese)
埲,埲,beng3,pung1,"see 塕埲wěngběng [塕埲], dust storm"
埲,埲,beng3,bong6,part of a place name
埲,埲,beng3,bung6,classifier for smell
堶,堶,tuo2,to4,part of the name of an ancient type of brick throwing game
堶,堶,tuo2,to4,a game of throwing bricks in the past
夠ｐｏｗｅｒ,夠ｐｏｗｅｒ,gou4 p5 o5 w5 e5 r5,gau3 p5 o5 w5 e5 r5,powerful (spoken)
夠ｐｏｗｅｒ,够ｐｏｗｅｒ,gou4ｐｏｗｅｒ,gau3 paau1 aa2,to be powerful enough [colloquial]
奅,奅,pao4,paau3,something that is big but not firm and empty; to lie
奅,奅,pao4,paau3,"empty and big/boasting, exaggerating/archaic form of cannon"
姩,姩,nian4,nin6,beautiful girl
姩,姩,nian4,nin1,(Cant.) breast/milk
姩,姩,nian4,nin4,used in female names
媌,媌,miao2,maau4,fine/glorious/happy/prostitute
媌,媌,miao2,maau4,"nice looking, soft and beautiful, in ancient Chinese it was known as a prostitute"
孭,孭,mie1,me1,to carry on the back or shoulders / back (Cantonese)/to take responsible for/to be in charge of/to take the blame for/to carry the can for a mistake
孭,孭,mie1,me1,to take on responsibility (Cantonese)
岋,岋,e4,ngap6,shaky
岋,岋,e4,ngap6,verb; swing or shake
強記,强记,qiang2 ji4,koeng4 gei3,"Keung Kee, name of a restaurant"
強記,强记,qiang2 ji4,koeng5 gei3,to memorize by rote
彩色電視,彩色电视,cai3 se4 dian4 shi4,coi2 sik1 din6 si6,"noun; chroma television, Color TV"
彩色電視,彩色电视,cai3 se4 dian4 shi4,coi2 sik1 din6 si6,colour television
恃熟賣熟,特熟卖熟,shi4 shu2 mai4 shu2,ci5 suk6 maai6 suk6,to take advantage of one's relationship / connection with someone [colloquial]
恃熟賣熟,恃熟卖熟,shi4 shu2 mai4 shu2,ci5 suk6 maai6 suk6,to take advantage of one as they are friends or have a good relationship
惡死,恶死,e4 si3,ok3 sei2,"very scary, fierce; ferocious"
惡死,恶死,e4 si3,ok3 sei2,(adjective) vicious; unfriendly; malicious; mean; unkind; rude; hard to get along with
戇居,戆居,zhuang4 ju1,ngong6 geoi1,"stupid, dumb; ridiculous; absurd"
戇居,戆居,zhuang4 ju1,ngong6 geoi1,(adjective) silly; stupid; asinine; ridiculous; daft
抄字典,抄字典,chao1 zi4dian3,caau3 zi6 din2,to search / flip through a dictionary [colloquial]
抄字典,抄字典,chao1 zi4dian3,caau1 zi6 din2,to copy from a dictionary
抰,抰,yang1,joeng2,to unwrap and display; to uncover; to shake off
抰,抰,yang1,joeng2,to rattle/to shake
捵,捵,chen1,nin2,(Cant.) to hold between the fingers and thumb
捵,捵,chen1,can2,stretched/to deliberately make things difficult
捵,捵,chen1,din2,to roll/to roll about/to toss and turn
採擷,采撷,cai3 xie2,coi2 git3,(verb) to pick;to gather; to select
採擷,采撷,cai3 xie2,coi2 kit3,verb; pick; gather; take selections
掹,掹,meng5,maang1,(Cant.) to pluck/to pull/to pull out/to hold
掹,掹,meng5,mang3,to flee/to run away
揈,揈,hong1,fang4,to beat someone with a fist or a stick
揈,揈,hong1,gwang1,to drive away
揈,揈,hong1,fing6,to wave about/to sway/to dance crazily/to behave in a wild manner/to spend money lavishly
揈,揈,"",fing6,to swing; to splash
揈,揈,"",fang4,to hit; to pound
揈,揈,"",gwang1,chasing away
揈,揈,"",feng6,to fling
摵,摵,she4,saak3,bare branches with fallen leaves
摵,摵,she4,cik1,"(Cant.) to pull, lift up/to carry"
撉,蹾,dun1,dan3,"to put something down suddenly, hitting the ground with a lot of force"
撉,撉,dun1,dan3,to strike with the fist/to thump/to jolt
撚,撚,nian3,nin2,"to twirl / twist with fingers/to hold/a wick/a type of plucking method for the pipa, a traditional Chinese instrument"
撚,撚,nian3,nan2,"to play tricks on or toy with/delicate/exquisite (Cantonese)/to be good at/dick, the penis/fucking"
撠,撠,ji3,gik1,"verb; strike, stab, grasp; stuck"
撠,撠,ji3,gik1,to stab/to contact/to seize
攎,攎,lu2,lou4,to take hold; to curb; to exercise restraint
攎,攎,Lu2,lo4,picking; selection
新地,新地,xin1 di4,san1 dei2,sundae (loanword)
新地,新地,Xin1 di4,san1 dei6,a new found empty area
橦,橦,tong2,tung4,silk cotton tree
橦,橦,tong2,cong4,mast
櫼,櫼,jian1,cim1,wood block / wedge/a toothpick
櫼,櫼,jian1,cim1,(adjective) slim; slender
油瓶,油瓶,you2 ping2,jau4 peng2,step children
油瓶,油瓶,you2 ping2,jau4 ping4,oil bottle
渜,渜,nuan3,nyun5,hot water
渜,渜,nuan3,nan1,watery stools
瀄,瀄,zhi4,zit1,(Cant.) to squeeze/to eject/to spray
瀄,瀄,zhi4,zit3,to splash/to splatter/to spatter
狌,狌,sheng1,sing1,"an alternative form for 猩, orangutan"
狌,狌,sheng1,sang1,"an alternative form for 鼪, weasel"
獦,獦,ge2,hot3,"an alternative form for 猲,dog with a short snout"
獦,獦,ge2,got3,a type of large wolf/a derogatory term for the name of a tribe in the past
獦,獦,ge2,lip3,"a surname/an alternative form for 獵, to hunt"
生部,生部,sheng1 bu4,sang1 bou6,Kangxi radical 100
生部,生部,sheng1 bu4,saang1 bou2,describe something unfamiliar (such as a person or environment)
田雞東,田鸡东,Tian2 ji1 dong1,tin4 gai1 dung1,"to go dutch; splitting the bill at meal gatherings; Tang Lai Tung, the name of a triad member"
田雞東,田鸡东,tian2 Ji1 dong1,tin4 gai1 dung1,"Tang Lai Tung, name of a triad member; to go dutch; splitting the bill at meal gatherings"
當我,当我,dang1 wo3,dong3 ngo5,to take me as; to treat me as [colloquial]
當我,当我,dang1 wo3,dong1 ngo5,when I [written]
瘦骨如柴,瘦骨如柴,Shou4 gu3 ru2 chai2,sau3 gwat1 jyu4 caai4,(adjective) skinny; scrawny
瘦骨如柴,瘦骨如柴,shou4 gu3 ru2 chai2,sau3 gwat1 jyu4 caai4,very thin; as thin as a stick
眼矇矇,眼蒙蒙,yan3 meng2 meng2,ngaan5 mung4 mung4,bleary-eyed
眼矇矇,眼矇矇,Yan3 meng2 meng2,ngaan5 mung4 mung4,blurring of vision
睡夢,睡梦,shui4 meng4,seoi6 mung6,dream(s) (whilst sleeping)
睡夢,睡梦,shui4 meng4,seoi6 mung6,Dream
睩,睩,lu4,luk1,to look/to glance/to roll the eyes/to stare
睩,睩,lu4,luk1,rolling (eyes)
矮𠱂𠱂,矮𠱂𠱂,Ai3 tu1 tu1,ai2 dat1 dat1,(adjective) very short
矮𠱂𠱂,矮𠱂𠱂,ai3𠱂𠱂,ai2 dat1 dat1,very short (of a person) [colloquial]
祖廟,祖庙,Zu3 miao4,zou2 miu6,(noun) the temple or mausoleum to enshrine ancestors
祖廟,祖庙,zu3 miao4,zou2 miu2,Ancestral temple
禁做,禁做,jin4 zuo4,gam3 zou6,not easily done
禁做,禁做,jin4 zuo4,gam2 zou6,done this way
禁色,禁色,jin4 se4,gam3 sik1,not allow to have sex
禁色,禁色,jin4 se4,kam1 sik1,a long lasting color that doesn't wear off or fade away easily
穿櫃桶底,穿柜桶底,chuan1 gui4 tong3 di3,cyun1 gwai6 tung2 dai2,to embezzle funds
穿櫃桶底,穿柜桶底,chuan1 gui4 tong3 di3,cyun1 gwai6 tung2 dai2,embezzlement; to embezzle
窉,窉,bing3,beng3,(Cant.) to hide things/to conceal
窉,窉,bing3,bing2,the third month in lunar calender/fright/cave
篸,篸,can3,cam1,vertical bamboo flute/staggered
篸,篸,can3,caam2,a type of dustpan/open ended loop in finger prints/hod/scuttle/a basket
篸,篸,can3,zaam1,a hairclasp/to wear in hair
細佬,细佬,xi4 lao3,sai3 lou2,younger brother
細佬,细佬,Xi4 lao3,sai3 lou2,(noun of sibling) younger brother; slang for penis
細路,细路,Xi4 lu4,sai3 lou6,"(slang) kids, children; child; kid"
細路,细路,xi4 lu4,sai3 lou6,kid
繑,繑,qiao1,hiu1,sew
繑,繑,qiao1,hiu1,to entwine/to cross one's arms or legs/to loop one's arm into the crook of someone's arm
老翻,老翻,lao3 fan1,lou5 faan1,"(n.) refers to illegal / pirated copies of something, such as CDs or handbags; (adj.) to describe something that is counterfeited"
老翻,老翻,Lao3 fan1,lou5 faan1,pirated goods
肉刺,肉刺,rou4 ci4,juk6 cek3,"heartache, to be averse to wasting or losing something, especially money or property"
肉刺,肉刺,rou4 ci4,juk6 ci3,hangnail; agnail
脟,脟,lie4,lyun5,"an alternative form for 臠, sliced meat"
脟,脟,lie4,lyut3,rib muscle/intestinal fat
膠袋,胶袋,jiao1 dai4,gaau1 doi2,Plastic bags
膠袋,胶袋,jiao1 dai4,gaau1 doi2,(noun) a plastic bag
臺灣人,台灣人,Tai2 wan1 ren2,toi4 waan1 jan4,Taiwanese
臺灣人,台湾人,Tai2 wan1 ren2,toi4 waan1 jan4,Taiwanese people
茺,茺,chong1,cung1,motherwort
茺,茺,chong1,cung1,Leonurus japonicus
落臺,落台,luo4 tai2,lok6 toi4,To leave the stage
落臺,落台,luo4 tai2,lok6 toi4,to step down; to resign
落面,落面,luo4 mian4,lok6 min2,lose face
落面,落面,luo4 mian4,lok6 min2,a situation where a person's dignity has been humiliated causing him/her to lose 'face' in front of others
蓨,蓨,tiao1,tiu1,tasselflower (Emilia sonchifolia)
蓨,蓨,tiao1,sau1,Seedlin
蓨,蓨,tiao1,tiu4,ancient place name in Hebei Province
行床,行床,xing2 chuang2,hang4 cong4,to have sex
行床,行床,xing2 chuang2,hong4 cong4,to lay out a temporary bed
行檔,行档,hang2 dang4,hong4 dong3,trade or profession; the role types in traditional Chinese opera; hope; expectation
行檔,行档,hang2 dang4,haang4 dong3,post or position
西北風,西北风,xi1 bei3 feng1,sai1 bak1 fung1,Northwest wind; means 'air / nothing' when used in the expression 'to eat northwest wind'
西北風,西北风,xi1 bei3 feng1,sai1 bak1 fung1,Northwest wind: means 'air / nothing' when used in the expression 'to eat northwest wind'
見牙唔見眼,见牙唔见眼,jian4 ya2 n2 jian4 yan3,gin3 ngaa4 m4 gin3 ngaan5,to have a big grin on one's face [colloquial]; literally 'can see the teeth but not the eyes'
見牙唔見眼,见牙唔见眼,jian4 ya2 n2 jian4 yan3,gin3 ngaa4 m4 gin3 ngaan5,to have a big grin on one's face [colloquial]
講耶穌,讲耶稣,jiang3 Ye1 su1,gong2 je4 sou1,to preach; to lecture
講耶穌,讲耶稣,Jiang3 Ye1 su1,gong2 je4 sou1,(verb) to preach; to lecture; to bull shit about (usually when referring to talk that others are not interested in or they consider to be a waste of time)
講道理,讲道理,Jiang3 dao4 li,gong2 dou6 lei5,to reason things out; to reason with
講道理,讲道理,jiang3 dao4 li3,gong2 dou6 lei5,To reason things out
財政政策,财政政策,cai2 zheng4 zheng4 ce4,coi4 zing3 zing3 caak3,fiscal policy
財政政策,财政政策,cai2 zheng4 zheng4 ce4,coi4 zing3 zing3 caak3,financial policy
賞罰分明,赏罚分明,shang3 fa2 fen1 ming2,soeng2 fat6 fan1 ming4,to reward and punish fairly; fair treatment
賞罰分明,赏罚分明,shang3 fa2 fen1 ming2,soeng2 fat6 fan1 ming4,fair with rewards and punishments (idiom)
趑車轉,趑车转,zi1 che1 zhuan3,zi1 ce1 zyun2,spinning around
趑車轉,趑车转,Zi1 che1 zhuan3,ci1 ce1 zyun3,round and round; round in circles; to run round in circles; to go back and forth
蹺妙,跷妙,qiao1 miao4,kiu2 miu6,ingenious [colloquial]
蹺妙,跷妙,qiao1 miao4,kiu2 miu6,(adjective) ingenious [colloquial]; nifty (noun) ingenuity; cleverness
軑,轪,dai4,daai6,wheel
軑,轪,dai4,daai6,wheel/the hood cover of the front axle
迾,迾,lie4,laat6,(Cant.) row / line
迾,迾,lie4,lit6,to line up to guard against
還可以,还可以,hai2 ke3 yi3,waan4 ho2 ji5,still okay; so-so (spoken)
還可以,还可以,hai2 ke3 yi3,waan4 ho2 ji5,it's alright;still can; it's just about okay; it's good enough; it's borderline acceptable; that will do
邊度,边度,bian1 du4,bin1 dou6,where
邊度,边度,bian1 du4,bin1 dou6,(pronoun) where
鋪頭,铺头,pu1 tou2,pou3 tau2,a shop lot
鋪頭,铺头,pu1 tou2,pou3 tau4,store; shop
閂門,闩门,shuan1 men2,saan1 mun4,to close the door; to close down (a shop)
閂門,闩门,shuan1 men2,saan1 mun4,to close the door
隊硬嘢,队硬嘢,dui4 ying4 ye3,deoi6 ngaang6 je5,a strong / hard core team
隊硬嘢,队硬嘢,dui4 ying4 ye3,deoi2 ngaang6 je5,to stomach / down something very strong [colloquial]
露械,露械,Lou4 xie4,lou6 haai2,act of male in showing his genitals in public; to flash (indecent exposure)
露械,露械,lu4 xie4,lou6 haai6,to show weapon
風俗習慣,风俗习惯,feng1 su2 xi2 guan4,fung1 zuk6 zaap6 gwaan3,culture and traditions
風俗習慣,风俗习惯,feng1 su2 xi2 guan4,fung1 zuk6 zaap6 gwaan3,manners and customs
風景區,风景区,feng1 jing3 qu1,fung1 ging2 keoi1,a scenic spot;a scenic area
風景區,风景区,feng1 jing3 qu1,fung1 ging2 keoi1,scenic area
食得㗎,食得㗎,shi2 de5 jia4,sik6 dak1 gaa4,Is it edible?
食得㗎,食得㗎,shi2 de5 jia4,sik6 dak1 gaa3,It's edible
食飯,食饭,shi2 fan4,sik6 faan6,to have dinner;to have a meal
食飯,食饭,shi2 fan4,sik6 faan6,to have a meal
食飽無憂米,食饱无忧米,shi2 bao3 wu2 you1 mi3,sik6 baau2 mou4 jau1 mai5,to live a comfortable life without much worries [colloquial]
食飽無憂米,食饱无忧米,shi2 bao3 wu1 you1 mi3,sik6 baau2 mou4 jau1 mai5,(to be full and need not worry for food); live a comfortable life and have nothing to worry about
香港特別行政區,香港特别行政区,Xiang1 gang3 Te4 bie2 Xing2 zheng4 qu1,hoeng1 gong2 dak6 bit6 hang4 zing3 keoi1,Hong Kong Special Administrative Region
香港特別行政區,香港特别行政区,Xiang1 gang3 Te4 bie2 Xing2 zheng4 qu1,hoeng1 gong2 dak6 bit6 hang4 zing3 keoi1,Hong Kong Special Administartive Region
驍勇,骁勇,xiao1 yong3,hiu1 jung5,courageous; brave
驍勇,骁勇,xiao1 yong3,hiu1 jung5,brave; valiant
鬱積,郁积,yu4 ji1,wat1 zik1,smouldering
鬱積,郁积,yu4 ji1,wat1 zik1,pent-up
黚,黚,qian2,kim4,a light yellowish black colour
黚,黚,qian2,kim4,a light yellowish -blackish colour
𠵿牌,𠵿牌,pi1 pai2,pe1 paai2,playing cards (啤牌)
𠵿牌,𠵿牌,𠵿 pai2,pe1 paai2,playing cards [colloquial]
𠸎埋,𠸎埋,na2 mai2,naa1 maai4,and [colloquial]
𠸎埋,𠸎埋,na2 mai2,naa1 maai4,and
𠺘,𠺘,lang4,long2,(Cant.) hard to get along with/unfriendly
𠺘,𠺘,lang3,long2,to rinse [colloquial]
𠺘,𠺘,lang4,long2,"to rinse, spread thin"
𠼮,𠼮,"",ngai1; ai1,to importune; to beg; to urge; to implore [colloquial]
𠼮,𠼮,"",ai1,"(Cant.) to urge, importune; a lie, fib"
𢺳,𪮳,"",maan1,"to push, pull, port the helm; (Cant.) to hold to, cling to; to cock a gun; to retrieve"
𢺳,𪮳,"",maan1,to hold onto (for support); to pull; to press; to turn; to retrieve; to recover; to win back [written and colloquial]
𦧲,𦧲,"",loe1,"(Cant.) to dribble, spit"
𦧲,𦧲,"",loe1,to spit [colloquial]
𦧲,𦧲,"",loe2,"to pester, nag"
𦧲,𦧲,"",loe2,to pester; to nag; to cling to [colloquial]
𧨾,𧨾,shan2,tam3,"(Cant.) to fool, trick, cheat, cajore, lure, sweet-talk, pacify someone who is angry"
𧨾,𧨾,shan2,tam,to trick; to cheat; to fool; to cajole; to lure; to sweet-talk [colloquial]
𨂾,𨂾,"",naam3,to step across; to stride over; the distance of one stride; alternate (day) [colloquial]
𨂾,𨂾,"",naam3,(Cant.) to step across/the distance of one stride/alternate (day)
